epoca,mse
1,1.007077
2,0.810294
3,0.767021
4,0.729540
5,0.674691
6,0.621285
7,0.567204
8,0.516831
9,0.464219
10,0.417100
11,0.377818
12,0.328772
13,0.296604
14,0.260405
15,0.227886
16,0.197501
17,0.173362
18,0.152340
19,0.139725
20,0.124473
21,0.111515
22,0.099008
23,0.091459
24,0.081548
25,0.076325
26,0.069760
27,0.064601
28,0.059760
29,0.055563
30,0.051857
31,0.048766
32,0.045753
33,0.042870
34,0.040675
35,0.038472
36,0.036524
37,0.034666
38,0.033019
39,0.031502
40,0.030087
41,0.028788
42,0.027543
43,0.026450
44,0.025412
45,0.024484
46,0.023537
47,0.022737
48,0.021936
49,0.021148
50,0.020486
51,0.019844
52,0.019204
53,0.018623
54,0.018074
55,0.017526
56,0.017016
57,0.016561
58,0.016126
59,0.015694
60,0.015284
61,0.014896
62,0.014526
63,0.014167
64,0.013829
65,0.013508
66,0.013193
67,0.012897
68,0.012614
69,0.012335
70,0.012074
71,0.011817
72,0.011573
73,0.011341
74,0.011112
75,0.010895
76,0.010685
77,0.010474
78,0.010287
79,0.010099
80,0.009915
81,0.009735
82,0.009567
83,0.009401
84,0.009239
85,0.009088
86,0.008935
87,0.008789
88,0.008649
89,0.008513
90,0.008377
91,0.008250
92,0.008123
93,0.008000
94,0.007882
95,0.007767
96,0.007655
97,0.007544
98,0.007438
99,0.007334
100,0.007233
101,0.007134
102,0.007038
103,0.006943
104,0.006853
105,0.006763
106,0.006677
107,0.006592
108,0.006507
109,0.006426
110,0.006348
111,0.006270
112,0.006195
113,0.006120
114,0.006047
115,0.005978
116,0.005909
117,0.005841
118,0.005776
119,0.005711
120,0.005647
121,0.005585
122,0.005524
123,0.005464
124,0.005405
125,0.005348
126,0.005292
127,0.005237
128,0.005183
129,0.005130
130,0.005078
131,0.005027
132,0.004977
133,0.004928
134,0.004880
135,0.004833
136,0.004786
137,0.004741
138,0.004696
139,0.004652
140,0.004609
141,0.004566
142,0.004524
143,0.004483
144,0.004443
145,0.004403
146,0.004364
147,0.004326
148,0.004288
149,0.004251
150,0.004214
151,0.004179
152,0.004143
153,0.004109
154,0.004074
155,0.004041
156,0.004007
157,0.003975
158,0.003943
159,0.003911
160,0.003880
161,0.003849
162,0.003819
163,0.003789
164,0.003760
165,0.003730
166,0.003702
167,0.003674
168,0.003646
169,0.003619
170,0.003592
171,0.003565
172,0.003539
173,0.003513
174,0.003488
175,0.003463
176,0.003438
177,0.003413
178,0.003389
179,0.003366
180,0.003342
181,0.003319
182,0.003296
183,0.003273
184,0.003251
185,0.003229
186,0.003207
187,0.003186
188,0.003165
189,0.003144
190,0.003123
191,0.003103
192,0.003083
193,0.003063
194,0.003043
195,0.003024
196,0.003005
197,0.002985
198,0.002967
199,0.002948
200,0.002930
201,0.002912
202,0.002894
203,0.002877
204,0.002859
205,0.002842
206,0.002825
207,0.002808
208,0.002791
209,0.002775
210,0.002758
211,0.002742
212,0.002726
213,0.002711
214,0.002695
215,0.002680
216,0.002664
217,0.002649
218,0.002634
219,0.002619
220,0.002605
221,0.002590
222,0.002576
223,0.002562
224,0.002548
225,0.002534
226,0.002520
227,0.002507
228,0.002493
229,0.002480
230,0.002467
231,0.002454
232,0.002441
233,0.002428
234,0.002416
235,0.002403
236,0.002391
237,0.002378
238,0.002366
239,0.002354
240,0.002342
241,0.002330
242,0.002319
243,0.002307
244,0.002296
245,0.002284
246,0.002273
247,0.002262
248,0.002251
249,0.002240
250,0.002229
251,0.002218
252,0.002208
253,0.002197
254,0.002187
255,0.002176
256,0.002166
257,0.002156
258,0.002146
259,0.002136
260,0.002126
261,0.002116
262,0.002106
263,0.002097
264,0.002087
265,0.002078
266,0.002068
267,0.002059
268,0.002050
269,0.002040
270,0.002031
271,0.002022
272,0.002013
273,0.002004
274,0.001996
275,0.001987
276,0.001978
277,0.001970
278,0.001961
279,0.001953
280,0.001945
281,0.001936
282,0.001928
283,0.001920
284,0.001912
285,0.001904
286,0.001896
287,0.001888
288,0.001880
289,0.001872
290,0.001865
291,0.001857
292,0.001849
293,0.001842
294,0.001834
295,0.001827
296,0.001820
297,0.001812
298,0.001805
299,0.001798
300,0.001791
301,0.001784
302,0.001777
303,0.001770
304,0.001763
305,0.001756
306,0.001749
307,0.001742
308,0.001736
309,0.001729
310,0.001722
311,0.001716
312,0.001709
313,0.001703
314,0.001696
315,0.001690
316,0.001684
317,0.001677
318,0.001671
319,0.001665
320,0.001659
321,0.001653
322,0.001646
323,0.001640
324,0.001634
325,0.001629
326,0.001623
327,0.001617
328,0.001611
329,0.001605
330,0.001599
331,0.001594
332,0.001588
333,0.001582
334,0.001577
335,0.001571
336,0.001566
337,0.001560
338,0.001555
339,0.001549
340,0.001544
341,0.001539
342,0.001533
343,0.001528
344,0.001523
345,0.001518
346,0.001513
347,0.001507
348,0.001502
349,0.001497
350,0.001492
351,0.001487
352,0.001482
353,0.001477
354,0.001472
355,0.001468
356,0.001463
357,0.001458
358,0.001453
359,0.001448
360,0.001444
361,0.001439
362,0.001434
363,0.001430
364,0.001425
365,0.001421
366,0.001416
367,0.001412
368,0.001407
369,0.001403
370,0.001398
371,0.001394
372,0.001389
373,0.001385
374,0.001381
375,0.001376
376,0.001372
377,0.001368
378,0.001364
379,0.001359
380,0.001355
381,0.001351
382,0.001347
383,0.001343
384,0.001339
385,0.001335
386,0.001331
387,0.001327
388,0.001323
389,0.001319
390,0.001315
391,0.001311
392,0.001307
393,0.001303
394,0.001299
395,0.001295
396,0.001292
397,0.001288
398,0.001284
399,0.001280
400,0.001277
401,0.001273
402,0.001269
403,0.001265
404,0.001262
405,0.001258
406,0.001255
407,0.001251
408,0.001247
409,0.001244
410,0.001240
411,0.001237
412,0.001233
413,0.001230
414,0.001226
415,0.001223
416,0.001220
417,0.001216
418,0.001213
419,0.001210
420,0.001206
421,0.001203
422,0.001200
423,0.001196
424,0.001193
425,0.001190
426,0.001187
427,0.001183
428,0.001180
429,0.001177
430,0.001174
431,0.001171
432,0.001167
433,0.001164
434,0.001161
435,0.001158
436,0.001155
437,0.001152
438,0.001149
439,0.001146
440,0.001143
441,0.001140
442,0.001137
443,0.001134
444,0.001131
445,0.001128
446,0.001125
447,0.001122
448,0.001119
449,0.001117
450,0.001114
451,0.001111
452,0.001108
453,0.001105
454,0.001102
455,0.001100
456,0.001097
457,0.001094
458,0.001091
459,0.001089
460,0.001086
461,0.001083
462,0.001080
463,0.001078
464,0.001075
465,0.001072
466,0.001070
467,0.001067
468,0.001064
469,0.001062
470,0.001059
471,0.001057
472,0.001054
473,0.001051
474,0.001049
475,0.001046
476,0.001044
477,0.001041
478,0.001039
479,0.001036
480,0.001034
481,0.001031
482,0.001029
483,0.001026
484,0.001024
485,0.001022
486,0.001019
487,0.001017
488,0.001014
489,0.001012
490,0.001010
491,0.001007
492,0.001005
493,0.001003
494,0.001000
495,0.000998
496,0.000996
497,0.000993
498,0.000991
499,0.000989
500,0.000987
